Brand Name,Model Number,Capacity,Energy Factor,UEF/CCE,Converted EF
A. O. Smith,"(E,H,P)NT-50-120",50,-,0.92,0.93
A. O. Smith,AT0 340H 100,0,0.95,-,-
A. O. Smith,ATI 110 100,0,0.82,-,-
A. O. Smith,ATI 140H 100,0,0.93,-,-
A. O. Smith,ATI 240H 100,0,0.95,-,-
A. O. Smith,ATI 240H 101,0,0.95,-,-
A. O. Smith,ATI 310 100,0,0.82,-,-
A. O. Smith,ATI 340H 100,0,0.95,-,-
A. O. Smith,ATI 510 100,0,0.82,-,-
A. O. Smith,ATI 540H 100,0,0.95,-,-
A. O. Smith,ATI-110U 200,0,0.82,-,-
A. O. Smith,ATI-310C-N,0,0.82,-,-
A. O. Smith,ATI-310U 200,0,0.82,-,-
A. O. Smith,ATI-510C-N,0,0.82,-,-
A. O. Smith,ATI-540H-N,0,0.95,-,-
A. O. Smith,ATI-540P-N,0,0.93,-,-
A. O. Smith,ATO 110 100,0,0.82,-,-
A. O. Smith,ATO 140H 100,0,0.93,-,-
A. O. Smith,ATO 240H 100,0,0.95,-,-
A. O. Smith,ATO 310 100,0,0.82,-,-
A. O. Smith,ATO 510 100,0,0.82,-,-
A. O. Smith,ATO 510U 100,0,0.82,-,-
A. O. Smith,ATO 540H 100,0,0.95,-,-
A. O. Smith,ATO-110U 200,0,0.82,-,-
A. O. Smith,ATO-310U 200,0,0.82,-,-
A. O. Smith,ATO-540P-N,0,0.95,-,-
A. O. Smith,BT 60* 250,50,0.59,-,-
A. O. Smith,E6-40H45DV****,40,-,0.92,0.93
A. O. Smith,EG12-50H55DV***,50,-,0.93,0.95
A. O. Smith,ENL 30 100,28,0.95,-,-
A. O. Smith,ENL 40 100,38,0.90,-,-
A. O. Smith,ENL-50 1**,51,-,0.92,0.92
A. O. Smith,ENS-40 1**,40,-,0.92,0.93
A. O. Smith,ENT 50 100,50,0.95,-,-
A. O. Smith,ENT 50 110,50,0.95,-,-
A. O. Smith,ENT-40 1**,40,-,0.92,0.93
A. O. Smith,ENT-50-1**,50,-,0.92,0.93
A. O. Smith,ENTB 50 100,50,0.95,-,-
A. O. Smith,"(E,P)NS-40",40,-,0.92,0.93
A. O. Smith,"(E,P)NS-50",50,-,0.92,0.93
A. O. Smith,FCG 75 300,75,0.68,-,-
A. O. Smith,FCG 75* 400,74,-,0.6,0.62
A. O. Smith,FHPT 50,50,2.00,-,-
A. O. Smith,FHPT 66,66,2.00,-,-
A. O. Smith,FHPT 80,80,2.10,-,-
A. O. Smith,FMDV 30 250,30,0.63,-,-
A. O. Smith,FMDV 30 400,30,0.63,-,-
A. O. Smith,FMDV 40 250,40,0.62,-,-
A. O. Smith,FMDV 40 400,40,0.62,-,-
A. O. Smith,FMHR 30 400,30,0.63,-,-
A. O. Smith,FMHR 40 400,40,0.62,-,-
A. O. Smith,FPTU 50 120,50,2.40,-,-
A. O. Smith,FPTU 66 120,66,2.60,-,-
A. O. Smith,FPTU 80 120,80,2.70,-,-
A. O. Smith,FPTU-50,50,2.40,-,-
A. O. Smith,FPTU-66,66,2.60,-,-
A. O. Smith,FPTU-80,80,2.70,-,-
A. O. Smith,G12-FDT4040NV,40,0.67,-,-
A. O. Smith,G12-FDT5040NV,50,0.67,-,-
A. O. Smith,G12-UFDT4040NV 100,40,0.67,-,-
A. O. Smith,G12-UFDT5040NV 100,50,0.67,-,-
A. O. Smith,"G(6,9,12)-S4040NV 400",40,0.62,-,-
A. O. Smith,"G(6,9,12)-T4040NV 400",40,0.62,-,-
A. O. Smith,"G(6,9,12)-T5040NV 400",50,0.62,-,-
A. O. Smith,G6-DMH3030NV 250,30,0.63,-,-
A. O. Smith,G6-DMH4032NV 250,40,0.62,-,-
A. O. Smith,G6-DVS4038NV,40,0.63,-,-
A. O. Smith,G6-DVT5040NV,50,0.62,-,-
A. O. Smith,G6-MH3030NV 400,30,0.63,-,-
A. O. Smith,G6-MH4040NV 400,40,0.62,-,-
A. O. Smith,G6N-UT4040NV 400,40,0.62,-,-
A. O. Smith,G6-PDS4040NV,40,0.71,-,-
A. O. Smith,G6-PDT5045NV,50,0.70,-,-
A. O. Smith,G6-PVS4040NV,40,0.70,-,-
A. O. Smith,G6-PVS5040NV,50,0.70,-,-
A. O. Smith,G6-PVT4050NV,40,0.70,-,-
A. O. Smith,G6-PVT5050NV,50,0.70,-,-
A. O. Smith,G6-S3030NV 400,30,0.63,-,-
A. O. Smith,G6-T3030NV 400,30,0.63,-,-
A. O. Smith,G6-T4034NV 400,40,0.62,-,-
A. O. Smith,G6-UDVS4036NV,40,0.62,-,-
A. O. Smith,G6-UDVT5038NV,50,0.62,-,-
A. O. Smith,G6-UPVT4042NV,40,0.68,-,-
A. O. Smith,G6-UPVT5042NV,50,0.68,-,-
A. O. Smith,G6-US4040NV 400,40,0.62,-,-
A. O. Smith,G6-UT3030NV 400,30,0.63,-,-
A. O. Smith,"G(9,12)-UT5040NV 400",50,0.62,-,-
A. O. Smith,GAHH 40 102,40,0.70,-,-
A. O. Smith,GAHH 50 100,50,0.70,-,-
A. O. Smith,GCB 30 400,30,0.63,-,-
A. O. Smith,GCB 40 400,40,0.62,-,-
A. O. Smith,GCBL 30 400,30,0.63,-,-
A. O. Smith,GCBL 40 400,40,0.62,-,-
A. O. Smith,GCF 40 100,40,0.67,-,-
A. O. Smith,GCF 50 100,50,0.67,-,-
A. O. Smith,GCFL 40 100,40,0.67,-,-
A. O. Smith,GCFL 50 100,50,0.67,-,-
A. O. Smith,GCG 50 100,50,0.60,-,-
A. O. Smith,GCG 50 300,50,0.60,-,-
A. O. Smith,GCG 50 400,50,0.60,-,-
A. O. Smith,GCR 30 250,30,0.63,-,-
A. O. Smith,GCR 40 250,40,0.62,-,-
A. O. Smith,GCR 40 400,50,0.62,-,-
A. O. Smith,gcrh 40 401,40,-,0.59,0.61
A. O. Smith,GCRL 30 400,30,0.63,-,-
A. O. Smith,GCRL 40 250,40,0.62,-,-
A. O. Smith,GCV 40 300,40,0.59,-,-
A. O. Smith,GCV 50 300,50,0.58,-,-
A. O. Smith,GCVL 50 300,50,0.61,-,-
A. O. Smith,GDHE 50 140,50,0.82,-,-
A. O. Smith,GDNL 40L 100,40,0.62,-,-
A. O. Smith,GDNT 50L 100,50,0.62,-,-
A. O. Smith,GDV 50 300,50,0.62,-,-
A. O. Smith,GDV-40 300,40,0.63,-,-
A. O. Smith,GDV-40L 300,40,0.63,-,-
A. O. Smith,GDV-50 300 ***,50,0.62,-,-
A. O. Smith,GDV-50L 300 ***,50,0.62,-,-
A. O. Smith,GPDL 40 *** 200,40,0.71,-,-
A. O. Smith,GPDL 40L *** 200,40,0.71,-,-
A. O. Smith,GPDT 50 *** 200,50,0.70,-,-
A. O. Smith,GPDT 50* *** 300,50,-,0.72,0.72
A. O. Smith,GPDT 50L *** 200,50,0.70,-,-
A. O. Smith,GPDX 50L *** 200,50,0.71,-,-
A. O. Smith,GPHE 50 110,50,0.77,-,-
A. O. Smith,GPNH 40 100,40,0.68,-,-
A. O. Smith,GPNH 50 100,50,0.68,-,-
A. O. Smith,GPVL 40 200,40,0.70,-,-
A. O. Smith,GPVL 50 200,50,0.70,-,-
A. O. Smith,GPVT 40 200,40,0.70,-,-
A. O. Smith,GPVT 40L 200,40,0.70,-,-
A. O. Smith,GPVT 50 200 S19,50,0.70,-,-
A. O. Smith,GPVT 50 200 S41,50,0.70,-,-
A. O. Smith,GPVT 50 200,50,0.70,-,-
A. O. Smith,GPVT 50L 200,50,0.70,-,-
A. O. Smith,GPVX 50L 200,50,0.70,-,-
A. O. Smith,GUC 30 400,30,0.63,-,-
A. O. Smith,GUC 40 400,40,0.62,-,-
A. O. Smith,GUF 40 100,40,0.67,-,-
A. O. Smith,GUF 50 100,50,0.67,-,-
A. O. Smith,GUR 40 400,40,0.63,-,-
A. O. Smith,GUR 50 400,50,0.62,-,-
A. O. Smith,GURL 40 400,40,0.62,-,-
A. O. Smith,GVD 50 300,50,0.62,-,-
A. O. Smith,GVR 50 300,50,0.62,-,-
A. O. Smith,"(G,X)CR 30 400",30,0.63,-,-
A. O. Smith,"(G,X)CR 40(L) 400",40,0.62,-,-
A. O. Smith,"(G,X)CR 50(L) 400",50,0.62,-,-
A. O. Smith,"(G,X)CRH 40 400",40,0.62,-,-
A. O. Smith,"(G,X)CRL 40 400",40,0.62,-,-
A. O. Smith,HHPT 80 102,80,1.80,-,-
A. O. Smith,HP10-50H45DV***,50,-,2.9,2.9
A. O. Smith,HP10-50H45DV,50,-,2.9,2.9
A. O. Smith,HP1050H45DVCTA 130,50,-,2.9,2.90
A. O. Smith,HP1050H45DVDR 130,50,-,2.9,2.90
A. O. Smith,HP10-80H45DV,80,-,2.9,2.9
A. O. Smith,HP1080H45DVCTA 130,80,-,2.9,2.90
A. O. Smith,HP1080H45DVDR 130,80,-,2.9,2.90
A. O. Smith,HPTU 50 120,50,-,2.9,2.9
A. O. Smith,HPTU 50N ***,50,-,2.9,2.9
A. O. Smith,HPTU 66 120,66,-,3.1,3.15
A. O. Smith,HPTU 66N ***,66,-,3.1,3.15
A. O. Smith,HPTU 80 120,80,-,2.9,2.9
A. O. Smith,HPTU 80N ***,80,-,2.9,2.9
A. O. Smith,HPTU-50 (No Audible Alarm),50,2.40,-,-
A. O. Smith,HPTU-50CTA 130,50,-,2.9,2.90
A. O. Smith,HPTU-50DR 130,50,-,2.9,2.90
A. O. Smith,HPTU-50N,50,2.40,-,-
A. O. Smith,HPTU-66 (No Audible Alarm),66,2.60,-,-
A. O. Smith,HPTU-66CTA 130,66,-,3.1,3.15
A. O. Smith,HPTU-66DR 130,66,-,3.1,3.15
A. O. Smith,HPTU-66N,66,2.60,-,-
A. O. Smith,HPTU-80 (No Audible Alarm),80,2.70,-,-
A. O. Smith,HPTU-80CTA 130,80,-,2.9,2.90
A. O. Smith,HPTU-80DR 130,80,-,2.9,2.90
A. O. Smith,HPTU-80N,80,2.70,-,-
A. O. Smith,HUC 40 400,40,0.62,-,-
A. O. Smith,HUR 40 400,40,0.63,-,-
A. O. Smith,HUR 50 400,50,0.62,-,-
A. O. Smith,HURL 40 400,40,0.62,-,-
A. O. Smith,HWR 40(L) 400,40,0.62,-,-
A. O. Smith,HWR 50(L) 400,50,0.62,-,-
A. O. Smith,HWRL 40 400,40,0.62,-,-
A. O. Smith,PHPT 80 102,80,1.80,-,-
A. O. Smith,PHPT-60,60,2.00,-,-
A. O. Smith,PHPT-80,80,1.80,-,-
A. O. Smith,PXNT 40 100,40,0.92,-,-
A. O. Smith,SHPT 50 100,50,2.00,-,-
A. O. Smith,SHPT-50,50,2.00,-,-
A. O. Smith,SHPT-66,66,2.00,-,-
A. O. Smith,SHPT-80,80,2.10,-,-
A. O. Smith,XUC 30 400,30,0.63,-,-
A. O. Smith,XUC 40 400,40,0.62,-,-
A. O. Smith,XUR 40 400,40,0.63,-,-
A. O. Smith,XUR 50 400,50,0.62,-,-
A. O. Smith,XURL 40 400,40,0.62,-,-
American,DVG62 5OT40,50,0.62,-,-
American,DVG62-40S38-N*** 300,40,0.63,-,-
American,DVG62-50T40-N**V *** 300,50,0.62,-,-
American,"DVUG(1,3,5,6,8,10,12)240S36-(D)N(V)",40,0.62,-,-
American,"DVUG(1,3,5,6,8,10,12)250T38-(D)N(V)",50,0.62,-,-
American,FDG(1 thru 50)250S403NO*** 100,50,0.67,-,-
American,FDG12240S403N,40,0.67,-,-
American,FDG12240T403N,40,0.67,-,-
American,FDG12250T403N,50,0.67,-,-
American,FDG6240S403N,40,0.67,-,-
American,FDG6240S403P,40,0.67,-,-
American,FDG6240T403N,40,0.67,-,-
American,FDG6250T403N,50,0.67,-,-
American,FDG9240S403N,40,0.67,-,-
American,FDG9240T403N,40,0.67,-,-
American,FDG9250T403N,50,0.67,-,-
American,"G(3,6,9,10,12)230S30 400",30,0.63,-,-
American,"G(3,6,9,10,12)230T30 400",30,0.63,-,-
American,"G(3,6,9,10,12)240S40 400",40,0.62,-,-
American,"G(3,6,9,10,12)240T34 400",40,0.62,-,-
American,"G(3,6,9,10,12)240T40 400",40,0.62,-,-
American,"G(3,6,9,10,12)250T40 400",50,0.62,-,-
American,G61 50T 40 400,50,0.60,-,-
American,G62 30T35 250,30,0.63,-,-
American,G62 40S40 250,40,0.62,-,-
American,G62 40T40 250,40,0.62,-,-
American,G82 40S40 400,40,0.62,-,-
American,G82 40T40 400,40,0.62,-,-
American,G82 50T40 400,50,0.62,-,-
American,GB61 30S35 400,30,0.63,-,-
American,GB61 30T35 400,30,0.63,-,-
American,GB61 40S40 400,40,0.62,-,-
American,GB61 40T40 400,40,0.62,-,-
American,GT 110NE 100,0,0.82,-,-
American,GT 110NI 100,0,0.82,-,-
American,GT 140NEH 100,0,0.93,-,-
American,GT 140NIH 100,0,0.93,-,-
American,GT 240NEH 100,0,0.95,-,-
American,GT 240NIH 100,0,0.95,-,-
American,GT 310NE 100,0,0.82,-,-
American,GT 310NI 100,0,0.82,-,-
American,GT 340NEH 100,0,0.95,-,-
American,GT 340NIH 100,0,0.95,-,-
American,GT 510NE 100,0,0.82,-,-
American,GT 510NI 100,0,0.82,-,-
American,GT 540NEH 100,0,0.95,-,-
American,GT 540NIH 100,0,0.95,-,-
American,GT-110U-E 200,0,0.82,-,-
American,GT-110U-I-200,0,0.82,-,-
American,GT-310C-NI,0,0.82,-,-
American,GT-310U-E 200,0,0.82,-,-
American,GT-310U-I 200,0,0.82,-,-
American,GT-510C-NI,0,0.82,-,-
American,GT-510U-E 200,0,0.82,-,-
American,GT-510U-I 200,0,0.82,-,-
American,GT-540P-NEH,0,0.95,-,-
American,GT-540P-NIH,0,0.95,-,-
American,GU101 30T30 400,30,0.63,-,-
American,GU102 40S40 400,40,0.62,-,-
American,"GU(3,6,9,10,12)140T40 400",40,0.62,-,-
American,"GU(3,6,9,10,12)230T30 400",30,0.63,-,-
American,"GU(3,6,9,10,12)240T40 400",40,0.62,-,-
American,"GU(3,6,9,10,12)250T40 400",50,0.62,-,-
American,GU61 30T30 400,30,0.63,-,-
American,GU62 40S40 400,40,0.62,-,-
American,GU81 40T40 400,40,0.62,-,-
American,GU82 40S40 400,40,0.62,-,-
American,GU82 40T40 400,40,0.62,-,-
American,GU82 50T40 400,50,0.62,-,-
American,GUF62 40T40 100,40,0.67,-,-
American,GUF62 50T40 100,50,0.67,-,-
American,HPE10260H045DV,60,2.00,-,-
American,HPE10280H045DV 102,80,1.80,-,-
American,HPE10280H045DV,80,1.80,-,-
American,HPE6280H045DV 102,80,1.80,-,-
American,HPHE10250H045DVCTA 130,50,-,2.9,2.90
American,HPHE10250H045DVDR  130,50,-,2.9,2.90
American,HPHE10250H045DVN,50,2.40,-,-
American,HPHE10266H045DVCTA 130,66,-,3.1,3.15
American,HPHE10266H045DVDR  130,66,-,3.1,3.15
American,HPHE10266H045DVN,66,3.15,3.1,-
American,HPHE10280H045DVCTA 130,80,-,2.9,2.90
American,HPHE10280H045DVDR  130,80,-,2.9,2.90
American,HPHE10280H045DVN,80,2.70,-,-
American,HPHE6250H045DV,50,2.40,-,-
American,HPHE6266H045DV 120,66,2.60,-,-
American,HPHE6266H045DV,66,2.60,-,-
American,HPHE6280H045DV 120,80,2.70,-,-
American,HPHE6280H045DV,80,2.70,-,-
American,HPHE650H045DV 120,50,2.40,-,-
American,HPSE10250H045DV 100,50,2.00,-,-
American,HPSE10266H045DV,66,2.00,-,-
American,HPSE10280H045DV,80,2.10,-,-
American,HPSE6250H045DV,50,2.00,-,-
American,HPSE6266H045DV,66,2.00,-,-
American,HPSE6280H045DV,80,2.10,-,-
American,MHDV62 30T30 250,30,0.63,-,-
American,MHDV62 30T30 400,30,0.63,-,-
American,MHDV62 40T32 250,40,0.62,-,-
American,MHDV62 40T32 400,40,0.62,-,-
American,"MHG(3,6,9,10,12)230T30 400",30,0.63,-,-
American,"MHG(3,6,9,10,12)240T40 400",40,0.62,-,-
American,PCG12240T403NOV 102,40,0.70,-,-
American,PCG12250T403NOV 100,50,0.70,-,-
American,PCG6240T403NOV 102,40,0.70,-,-
American,PCG6250T403NOV 100,50,0.70,-,-
American,PCG9240T403NOV 102,40,0.70,-,-
American,PCG9250T403NOV 100,50,0.70,-,-
American,PDVG62-40S40-NV 200,40,0.71,-,-
American,PDVG62-40S40-NVL  200,40,0.71,-,-
American,PDVG62-50T45-NV 200,50,0.70,-,-
American,PDVG62-50T45-NVL 200,50,0.70,-,-
American,PDVG62-50T62-NV 200,50,0.71,-,-
American,PVG62 50S62NVS,50,0.70,-,-
American,PVG62-40S40-NVS,40,0.70,-,-
American,PVG62-40T50N***,40,0.70,-,-
American,PVG62-50S40-NVS,50,0.70,-,-
American,PVG62-50T50-NVS,50,0.70,-,-
American,PVG62-50T50-NVSL,50,0.70,-,-
American,UPVG6240T42NV,40,0.68,-,-
American,UPVG6250T42NV,50,0.68,-,-
BOSCH,830 ES,0,0.82,-,-
BOSCH,940 ES,0,0.83,-,-
BOSCH,C 1050 ES,0,0.95,-,-
BOSCH,C 950 ES,0,0.95,-,-
BOSCH,T9800 SE 160,0,1.00,-,-
BOSCH,T9900I SE 199,0,0.99,-,-
Bradford White,EF60T199E3N2,60,0.78,-,-
Bradford White,LE280T3,80,0.83,-,-
Bradford White,LG2PDV50H60*N,48,0.68,-,-
Bradford White,LG2PV50H65*N,48,0.70,-,-
Bradford White,M2HE50S6DS,50,0.93,-,-
Bradford White,M2HE65R6DS,65,0.91,-,-
Bradford White,M45036FBN,50,0.62,-,-
Bradford White,MI75S6BN,75,0.68,-,-
Bradford White,RE230L*-*****,28,-,0.92,0.93
Bradford White,RE250S*-*****,50,-,0.92,0.93
Bradford White,RE250S6,50,0.95,-,-
Bradford White,RE250T*-*****,50,-,0.92,0.93
Bradford White,RE2H50R10B-1NCWT**,50,2.70,-,-
Bradford White,RE2H50R10B,50,2.70,-,-
Bradford White,RE2H50S10-*****,50,-,2.8,2.78
Bradford White,RE2H50S6-*****,50,-,2.8,2.78
Bradford White,RE2H65T10-*****,65,-,3.0,3.03
Bradford White,RE2H65T6-*****,65,-,3.0,3.03
Bradford White,RE2H80R10B-1NCWT**,80,2.70,-,-
Bradford White,RE2H80R10B,80,2.70,-,-
Bradford White,RE2H80T10-*****,80,-,3.1,3.15
Bradford White,RE2H80T6-*****,80,-,3.1,3.15
Bradford White,RE350S6,50,0.95,-,-
Bradford White,RE350S7,50,0.95,-,-
Bradford White,RE350S8,50,0.95,-,-
Bradford White,RE350S9,50,0.95,-,-
Bradford White,RE350T6,50,0.95,-,-
Bradford White,RG130T*N,30,0.63,-,-
Bradford White,RG140T*N,40,0.62,-,-
Bradford White,RG1D30T*N,30,0.65,-,-
Bradford White,RG1D40S*N,40,0.62,-,-
Bradford White,RG1D40T*N,40,0.62,-,-
Bradford White,RG1PV40S*N,40,0.66,-,-
Bradford White,RG1PV50S6N,50,0.65,-,-
Bradford White,RG230S*N,30,0.63,-,-
Bradford White,RG230T*N,30,0.64,-,-
Bradford White,RG240S6N,40,0.62,-,-
Bradford White,RG240T6N,40,0.62,-,-
Bradford White,RG250H6N,48,0.60,-,-
Bradford White,RG250S*N,50,-,0.63,0.64
Bradford White,RG250T6N,50,0.62,-,-
Bradford White,RG275H6N,75,0.68,-,-
Bradford White,RG2D40S*N,40,0.67,-,-
Bradford White,RG2D50S6N,50,0.67,-,-
Bradford White,RG2DV40S*N-***,40,0.62,-,-
Bradford White,RG2DVMH30T*N,30,0.63,-,-
Bradford White,RG2DVMH40T*N,40,0.62,-,-
Bradford White,RG2F40S*N,40,0.70,-,-
Bradford White,RG2F50S*N,50,0.70,-,-
Bradford White,RG2MH30T*N,30,0.63,-,-
Bradford White,RG2MH40T*N,40,0.63,-,-
Bradford White,RG2PDV40S*N,40,0.70,-,-
Bradford White,RG2PDV50H6N,50,0.68,-,-
Bradford White,RG2PDV50S*N,50,0.70,-,-
Bradford White,RG2PV40S*N,40,0.67,-,-
Bradford White,RG2PV40T*N,40,0.70,-,-
Bradford White,RG2PV50H6N,50,0.70,-,-
Bradford White,RG2PV50S*N,50,0.67,-,-
Bradford White,RG2PV50T*N,50,0.70,-,-
Bradford White,RG2PV75H6N,75,0.68,-,-
Bradford White,RTG-199HE,0,0.95,-,-
Bradford White,RTG-199ME,0,0.83,-,-
Bradford White,RTG-K-199N1,0,-,0.96,0.96
Bradford White,ULG2PDV50H50*N,48,0.68,-,-
Bradford White,ULG2PV50H56*N,48,0.70,-,-
Bradford White,URG130T*N,30,0.63,-,-
Bradford White,URG140T*N,40,0.62,-,-
Bradford White,URG1D30T*N,30,0.65,-,-
Bradford White,URG1D40S*N,40,0.62,-,-
Bradford White,URG1D40T*N,40,0.62,-,-
Bradford White,URG1PV40S*N,40,0.66,-,-
Bradford White,URG1PV50S*N,50,0.65,-,-
Bradford White,URG230T*N,30,0.64,-,-
Bradford White,URG240S*N,40,0.62,-,-
Bradford White,URG240T*N,40,0.62,-,-
Bradford White,URG250T*N,50,0.62,-,-
Bradford White,URG2D40S*N,40,0.67,-,-
Bradford White,URG2D50S*N,50,0.67,-,-
Bradford White,URG2DV40S*N-***,40,0.62,-,-
Bradford White,URG2PDV40S*N,40,0.70,-,-
Bradford White,URG2PDV50H*N,48,0.68,-,-
Bradford White,URG2PDV50S*N,50,0.70,-,-
Bradford White,URG2PV40T*N,40,0.70,-,-
Bradford White,URG2PV50H*N,48,0.70,-,-
Bradford White,URG2PV50T*N,50,0.70,-,-
Daikin,EKHWS080B3VJU,80,1.50,-,-
Direct Energy,ECE H40 T2 RH310BM,40,-,2.9,2.90
Direct Energy,ECE H50 T2 RH310BM,50,-,2.9,2.90
Direct Energy,ECE H65 T2 RH310BM,65,-,2.9,2.90
Direct Energy,ECE H80 T2 RH310BM,80,-,2.9,2.90
Direct Energy,ECEPH40 T2 RH375-15,40,-,3.1,3.15
Direct Energy,ECEPH40 T2 RH375-30,40,-,3.1,3.15
Direct Energy,ECEPH40 T2 RH375-SO,40,-,3.1,3.15
Direct Energy,ECEPH50 T2 RH375-15,50,-,3.2,3.27
Direct Energy,ECEPH50 T2 RH375-30,50,-,3.2,3.27
Direct Energy,ECEPH50 T2 RH375-SO,50,-,3.2,3.27
Direct Energy,ECEPH65 T2 RH375-15,65,-,3.2,3.27
Direct Energy,ECEPH65 T2 RH375-30,65,-,3.2,3.27
Direct Energy,ECEPH65 T2 RH375-SO,65,-,3.2,3.27
Direct Energy,ECEPH80 T2 RH375-15,80,-,3.2,3.27
Direct Energy,ECEPH80 T2 RH375-30,80,-,3.2,3.27
Direct Energy,ECEPH80 T2 RH375-SO,80,-,3.2,3.27
ECO Smart,Eco 27,0,0.95,-,-
EcoSense,ECO150DVLN3-1,0,0.82,-,-
EcoSense,ECO150XLN3-1,0,0.82,-,-
EcoSense,ECO180DVLN3-1,0,0.82,-,-
EcoSense,ECO180XLN3-1,0,0.82,-,-
EcoSense,ECO200DVLN3-1,0,0.82,-,-
EcoSense,ECO200XLN3-1,0,0.82,-,-
EcoSense,ECORHE40S,38,0.82,-,-
EcoSense,ECORHE50,48,0.82,-,-
EcoSense,HB50ES,50,2.20,-,-
GE,BEH50DCEJSB**,50,2.80,-,-
GE,BEH50DCEJSB,50,2.80,-,-
GE,BEH80DCEJSB**,80,3.10,-,-
GE,BEH80DCEJSB,80,3.10,-,-
GE,GEH50DEEDSC,50,1.90,-,-
GE,GEH50DEEDSR,50,1.90,-,-
GE,GEH50DEEJSC**,50,2.80,-,-
GE,GEH50DEEJSC,50,2.80,-,-
GE,GEH50DEEJXXX,50,2.20,-,-
GE,GEH50DEEJXXX**,50,2.70,-,-
GE,GEH50DFEJSR**,50,2.80,-,-
GE,GEH50DFEJSR,50,2.80,-,-
GE,GEH50DFEJXXX**,50,2.70,-,-
GE,GEH50DFEJXXX,50,2.80,-,-
GE,GEH50DHEKSC**,50,2.80,-,-
GE,GEH50DHEKSC,50,2.80,-,-
GE,GEH80DEEJSC**,80,3.10,-,-
GE,GEH80DEEJSC,80,3.10,-,-
GE,GEH80DEEJXXX**,80,2.80,-,-
GE,GEH80DEEJXXX,80,3.10,-,-
GE,GEH80DFEJSR**,80,2.90,-,-
GE,GEH80DFEJSR,80,2.90,-,-
GE,GEH80DFEJXXX**,80,2.70,-,-
GE,GEH80DFEJXXX,80,2.90,-,-
GE,GEH80DHEKSC**,80,3.10,-,-
GE,GEH80DHEKSC,80,3.10,-,-
GIANT,UG40-38LFD-N1U,40,0.67,-,-
GIANT,UG40-38LFD-N1U-US,40,0.67,-,-
GIANT,UG40-38LF-N2U-US,40,0.62,-,-
GIANT,UG40-38TFPDV1-N2U,40,0.67,-,-
GIANT,UG40-38TFPDV1-N2U-US,40,0.67,-,-
GIANT,UG40-38TFPDV-N2U,40,0.67,-,-
GIANT,UG40-38TFPDV-N2U-US,40,0.67,-,-
GIANT,UG40-40LFPV1-N1U-US,40,0.63,-,-
GIANT,UG40-40LFPV1-N2U,40,0.67,-,-
GIANT,UG40-40LFPV1-N2U-US,40,0.67,-,-
GIANT,UG40-40LFPV2-N1U-US,40,0.63,-,-
GIANT,UG40-40LFPV2-N2U,40,0.67,-,-
GIANT,UG40-40LFPV2-N2U-US,40,0.67,-,-
GIANT,UG50-38TFPDV1-N2U,48,0.67,-,-
GIANT,UG50-38TFPDV1-N2U-US,48,0.67,-,-
GIANT,UG50-38TFPDV-N2U,48,0.67,-,-
GIANT,UG50-38TFPDV-N2U-US,48,0.67,-,-
GIANT,UG50-40LFD-N1U,50,0.68,-,-
GIANT,UG50-40LFD-N1U-US,50,0.68,-,-
GIANT,UG50-40LFPV1-N1U-US,50,0.62,-,-
GIANT,UG50-40LFPV1-N2U,50,0.67,-,-
GIANT,UG50-40LFPV1-N2U-US,50,0.67,-,-
GIANT,UG50-40LFPV2-N1U-US,50,0.62,-,-
GIANT,UG50-40LFPV2-N2U,50,0.67,-,-
GIANT,UG50-40LFPV2-N2U-US,50,0.67,-,-
GIANT,UG50-62LFPDV1-N2U,50,0.69,-,-
GIANT,UG50-62LFPDV1-N2U-US,50,0.69,-,-
GIANT,UG50-62LFPV1-N2U,50,0.70,-,-
GIANT,UG50-62LFPV1-N2U-US,50,0.70,-,-
GIANT,UGT--180,0,0.82,-,-
GIANT,UGT-199,0,0.82,-,-
GIANT,UGTC-152,0,0.96,-,-
GIANT,UGTC-199,0,0.95,-,-
GSW,G1050TDE-HP-45 100,50,2.00,-,-
GSW,G1050TDE-HPHE-45N,50,2.40,-,-
GSW,G1066TDE-HP-45,66,2.00,-,-
GSW,G1066TDE-HPHE-45N,66,2.60,-,-
GSW,G1080TDE-HP-45,80,2.10,-,-
GSW,G1080TDE-HPHE-45N,80,2.70,-,-
GSW,G640S38N-DV 300,40,0.63,-,-
GSW,G640S40N-PDV-ES2 200,40,0.71,-,-
GSW,G640S40N-PV-ES2,40,0.70,-,-
GSW,G640T50N-PV-ES2,40,0.70,-,-
GSW,G650S40N-PV-ES2,50,0.70,-,-
GSW,G650S62N-PV-ES2,50,0.70,-,-
GSW,G650T40N-DV 300,50,0.62,-,-
GSW,G650T45N-PDV-ES2 200,50,0.70,-,-
GSW,G650T50N-PV-ES2,50,0.70,-,-
GSW,G650T62N-PDV-ES2 200,50,0.71,-,-
Harvest Thermal,PD2A-10-119,119,-,2.9,2.90
Harvest Thermal,PD2A-10-43,43,-,2.9,2.90
Harvest Thermal,PD2A-10-83,83,-,2.9,2.90
HTP,EFTC-140,0,0.95,-,-
HTP,EVC080C2X045,80,0.92,-,-
HTP,RGH20-75F,20,0.83,-,-
HTP,RGH-75F,20,0.83,-,-
HTP,RT-150,0,0.95,-,-
HTP,RT-199,0,0.98,-,-
HTP,RTC-199,0,0.95,-,-
HTP,RTCO-199,0,0.95,-,-
HTP,RTO-150,0,0.95,-,-
HTP,RTO-199,0,0.98,-,-
HTP,RTP-180,0,0.96,-,-
HTP,RTP-199,0,0.96,-,-
John Wood,JW1050TDE-HP-45 100,50,2.00,-,-
John Wood,JW1050TDE-HPHE-45N,50,2.40,-,-
John Wood,JW1066TDE-HP-45,66,2.00,-,-
John Wood,JW1066TDE-HPHE-45N,66,2.60,-,-
John Wood,JW1080TDE-HP-45,80,2.10,-,-
John Wood,JW1080TDE-HPHE-45N,80,2.70,-,-
Lochinovar,GBN04040 300,40,0.63,-,-
Lochinovar,GBN05040 300,50,0.62,-,-
Lochinovar,GSN030 35 400,30,0.63,-,-
Lochinovar,GSN030 35B 400,30,0.63,-,-
Lochinovar,GSN040 40 400,40,0.62,-,-
Lochinovar,GSN040 40-8 400,40,0.62,-,-
Lochinovar,GSN040 40B 400,40,0.62,-,-
Lochinovar,GTN030 35 400,30,0.63,-,-
Lochinovar,GTN030 35B 400,30,0.63,-,-
Lochinovar,GTN040 35 400,40,0.62,-,-
Lochinovar,GTN040 40-8(ST) 400,40,0.62,-,-
Lochinovar,GTN040 40B 400,40,0.62,-,-
Lochinovar,GTN040 40(ST) 400,40,0.62,-,-
Lochinovar,HPA050KD 100,50,2.00,-,-
Lochinovar,HPA052KD,50,2.40,-,-
Lochinovar,HPA066KD,66,2.00,-,-
Lochinovar,HPA068KD,66,2.60,-,-
Lochinovar,HPA080KD,80,2.10,-,-
Lochinovar,HPA082KD,80,2.70,-,-
Lochinovar,KSA050KDB,50,0.95,-,-
Lochinovar,LSN 040 40ES 100,40,0.67,-,-
Lochinovar,LTI-110C,0,0.82,-,-
Lochinovar,LTI-110-N,0,0.82,-,-
Lochinovar,LTI-110U,0,0.82,-,-
Lochinovar,LTI-140H-N,0,0.93,-,-
Lochinovar,LTI-240H-N,0,0.95,-,-
Lochinovar,LTI-310C,0,0.82,-,-
Lochinovar,LTI-310-N,0,0.82,-,-
Lochinovar,LTI-310U,0,0.82,-,-
Lochinovar,LTI-340H-N,0,0.95,-,-
Lochinovar,LTI-510C,0,0.82,-,-
Lochinovar,LTI-510-N,0,0.82,-,-
Lochinovar,LTI-510U,0,0.82,-,-
Lochinovar,LTI-540H-N,0,0.95,-,-
Lochinovar,LTI-540P-N,0,0.95,-,-
Lochinovar,LTN 040 40ES 100,40,0.67,-,-
Lochinovar,LTN 050 40ES 100,50,0.67,-,-
Lochinovar,LTO-110-N,0,0.82,-,-
Lochinovar,LTO-110U,0,0.82,-,-
Lochinovar,LTO-140H-N,0,0.93,-,-
Lochinovar,LTO-240H-N,0,0.95,-,-
Lochinovar,LTO-310-N,0,0.82,-,-
Lochinovar,LTO-310U,0,0.82,-,-
Lochinovar,LTO-340H-N,0,0.95,-,-
Lochinovar,LTO-510-N,0,0.82,-,-
Lochinovar,LTO-510U,0,0.82,-,-
Lochinovar,LTO-540H-N,0,0.95,-,-
Lochinovar,LTO-540P-N,0,0.95,-,-
Lochinovar,MFN030 35 400,30,0.63,-,-
Lochinovar,MFN040 35 400,40,0.62,-,-
Lochinovar,MGN030 30 250,30,0.63,-,-
Lochinovar,MGN030 30 400,30,0.63,-,-
Lochinovar,MGN040 30 400,40,0.62,-,-
Lochinovar,MGN040 32 250,40,0.62,-,-
Lochinovar,PRN040 40ES 200,40,0.71,-,-
Lochinovar,PRN040 40ESST 200,40,0.71,-,-
Lochinovar,PRN050 45ES  200,50,0.70,-,-
Lochinovar,PRN050 45ESST 200,50,0.70,-,-
Lochinovar,PRN050 65ESST 200,50,0.71,-,-
Lochinovar,PVN04040 200,40,0.70,-,-
Lochinovar,PVN04050 200,40,0.70,-,-
Lochinovar,PVN04050ST 200,40,0.70,-,-
Lochinovar,PVN05040 200,50,0.70,-,-
Lochinovar,PVN05050 200,50,0.70,-,-
Lochinovar,PVN05050ST 200,50,0.70,-,-
Lochinovar,PVN05062ST 200,50,0.70,-,-
Lochinovar,UPN 040 40ES 100,40,0.68,-,-
Lochinovar,UPN 050 40ES 100,50,0.68,-,-
Lochinovar,USN040 40-8(T) 400,40,0.62,-,-
Lochinovar,UTN030 30 400,30,0.63,-,-
Lochinovar,UTN040 40 400,40,0.62,-,-
Lochinovar,UTN040 40-8(T) 400,40,0.62,-,-
Lochinovar,UTN050 40 400,50,0.62,-,-
Lochinovar,UTN050 40-8(T) 400,50,0.62,-,-
Lochinovar,UVN040 40ST,40,0.62,-,-
Lochinovar,UVN050 40ST,50,0.62,-,-
man A. O. Smith,"G(9,12)-UT4040NV 400",40,0.62,-,-
Marathon,MHD85238,85,0.87,-,-
MARQUIS,TWH180,0,0.95,-,-
MARQUIS,TWH200,0,0.97,-,-
Navien,NCB 180E,0,0.95,-,-
Navien,NCB 240,0,0.95,-,-
Navien,NCB 24DPE,0,0.95,-,-
Navien,NPE 150S,0,0.95,-,-
Navien,NPE 180A,0,0.97,-,-
Navien,NPE 180S,0,0.99,-,-
Navien,NPE 210A,0,0.97,-,-
Navien,NPE 210S,0,0.99,-,-
Navien,NPE 240A,0,0.97,-,-
Navien,NPE 240S,0,0.99,-,-
Navien,NPE-180A2,0,-,0.95,0.95
Navien,npe-210a2,0,-,0.95,0.95
Navien,NPE-240A2,0,-,0.95,0.95
Noritz,EZ98DV (GQ-C2859WX-FF US),0,-,0.96,0.96
Noritz,EZ98DV (GQ-C2860WX-FF US),0,-,0.97,0.97
Noritz,GQ-2457WS-FFA US,0,0.82,-,-
Noritz,GQ-2857WX US,0,0.83,-,-
Noritz,GQ-2857WX-F US,0,0.82,-,-
Noritz,GQ-2857WX-FFA US,0,0.82,-,-
Noritz,GQ-C2857WS US,0,0.93,-,-
Noritz,GQ-C2857WS-FF US,0,0.93,-,-
Noritz,GQ-C2859WX-FF US,0,0.97,-,-
Noritz,GQ-C3257WX US,0,0.93,-,-
Noritz,GQ-C3257WX-FF US,0,0.91,-,-
Noritz,GQ-C3259WX-FF US,0,0.97,-,-
Noritz,NR501-OD-NG,0,0.86,-,-
Noritz,NR662-OD-NG,0,0.85,-,-
Noritz,NR83 DVC,0,0.85,-,-
Noritz,NR98 DVC,0,0.82,-,-
Noritz,NRC111 DV,0,0.92,-,-
Noritz,NRC1111 DV,0,0.92,-,-
Noritz,NRC661A DV,0,0.95,-,-
Noritz,NRC661A-DV-NG,0,0.95,-,-
Noritz,NRC661A-OD-NG,0,0.95,-,-
Noritz,NRC663-FSV-NG,0,0.91,-,-
Noritz,NRC711-DV-NG,0,0.94,-,-
Noritz,NRC711-OD-NG,0,0.94,-,-
Noritz,NRC98 DV,0,0.92,-,-
Noritz,NRC981 DVC,0,0.95,-,-
Noritz,NRC982 DV,0,0.95,-,-
Noritz,NRCP1112 DV,0,0.95,-,-
Noritz,NRCP1112-DV-NG,0,0.95,-,-
Noritz,NRCP982 DV,0,0.95,-,-
Noritz,NRCP982-DV-NG,0,0.95,-,-
Noritz,nrcr111dv,0,-,0.97,0.97
Noritz,NRCR92DV,0,-,0.97,0.97
PALOMA/WAIWELA,PH2-20RDVSLN-1,0,0.82,-,-
PALOMA/WAIWELA,PH2-20ROFLN-1,0,0.82,-,-
PALOMA/WAIWELA,PH2-25RDVSLN-1,0,0.82,-,-
PALOMA/WAIWELA,PH2-25ROFLN-1,0,0.82,-,-
PALOMA/WAIWELA,PH2-28RDVSLN-1,0,0.82,-,-
PALOMA/WAIWELA,PH2-28ROFLN-1,0,0.82,-,-
RAYPAK,NH-188DVLN-1,0,0.82,-,-
RAYPAK,NH-188XLN-1,0,0.82,-,-
RAYPAK,NH-208DVLN-1,0,0.82,-,-
RAYPAK,NH-208XLN-1,0,0.82,-,-
Reliance,10 50 DHPHT NE,50,2.40,-,-
Reliance,10 50 DHPST 100,50,2.00,-,-
Reliance,10 60 DHPT,60,2.00,-,-
Reliance,10 66 DHPHT NE,66,2.60,-,-
Reliance,10 66 DHPST,66,2.00,-,-
Reliance,10 80 DHPHT NE,80,2.70,-,-
Reliance,10 80 DHPST,80,2.10,-,-
Reliance,10 80 DHPT 102,80,1.80,-,-
Reliance,10 80 DHPT,80,1.80,-,-
Reliance,10-50-DHPHTCTA 130,50,-,2.9,2.90
Reliance,10-50-DHPHTDR 130,50,-,2.9,2.90
Reliance,10-66-DHPHTCTA 130,66,-,3.1,3.15
Reliance,10-66-DHPHTDR 130,66,-,3.1,3.15
Reliance,10-80-DHPHTCTA 130,80,-,2.9,2.90
Reliance,10-80-DHPHTDR 130,80,-,2.9,2.90
Reliance,12 40 GPCT 102,40,0.70,-,-
Reliance,12 50 DART,50,0.95,-,-
Reliance,12 50 EART,50,0.95,-,-
Reliance,12 50 GPCT 100,50,0.70,-,-
Reliance,12 50 NACT* 400,50,0.62,-,-
Reliance,"(3,6) 40 NOCT* 400",40,0.62,-,-
Reliance,6 30 MDV* 250,30,0.63,-,-
Reliance,6 30 MDV* 400,30,0.63,-,-
Reliance,6 30 NOCS* 400,30,0.63,-,-
Reliance,6 30 NOCT* 250,30,0.63,-,-
Reliance,6 30 NOCT* 400,30,0.63,-,-
Reliance,6 30 NOMT* 400,30,0.63,-,-
Reliance,6 30 NORBS* 400,30,0.63,-,-
Reliance,6 30 NORBT* 400,30,0.63,-,-
Reliance,6 30 UNORT* 400,30,0.63,-,-
Reliance,6 40 GBFS 100,40,0.67,-,-
Reliance,6 40 GBFT 100,40,0.67,-,-
Reliance,6 40 MDV* 250,40,0.62,-,-
Reliance,6 40 MDV* 400,40,0.62,-,-
Reliance,6 40 NBCS* 250,40,0.62,-,-
Reliance,6 40 NBCT* 250,40,0.62,-,-
Reliance,6 40 NBRBS* 400,40,0.62,-,-
Reliance,6 40 NBRBT* 400,40,0.62,-,-
Reliance,6 40 NOMT* 400,40,0.62,-,-
Reliance,6 40 UBDS L,40,0.62,-,-
Reliance,6 40 UBVIT 100,40,0.68,-,-
Reliance,6 40 UNBCS* 400,40,0.62,-,-
Reliance,6 40 UNBFT* 100,40,0.67,-,-
Reliance,6 40 YBDS 300,40,0.63,-,-
Reliance,6 40YBPDS 200,40,0.71,-,-
Reliance,6 40YRVIT 200,40,0.70,-,-
Reliance,6 50 DHPHT 120,50,2.40,-,-
Reliance,6 50 DHPHT,50,2.40,-,-
Reliance,6 50 DHPST,50,2.00,-,-
Reliance,6 50 EORS,50,0.95,-,-
Reliance,6 50 EORT 110,50,0.95,-,-
Reliance,6 50 GBFT 100,50,0.67,-,-
Reliance,6 50 UBDT L,50,0.62,-,-
Reliance,6 50 UBVIT 100,50,0.68,-,-
Reliance,6 50 UNBFT* 100,50,0.67,-,-
Reliance,6 50 YBDS300,50,0.62,-,-
Reliance,6 50GBF S 100,50,0.67,-,-
Reliance,6 50YBPDT 200,50,0.70,-,-
Reliance,6 50YRVIT 200,50,0.70,-,-
Reliance,6 66 DHPHT 120,66,2.60,-,-
Reliance,6 66 DHPHT,66,2.60,-,-
Reliance,6 66 DHPST,66,2.00,-,-
Reliance,6 75 XRRS 300,75,0.68,-,-
Reliance,6 75 YRVHTL 210,75,0.70,-,-
Reliance,6 80 DHPHT 120,80,2.70,-,-
Reliance,6 80 DHPHT,80,2.70,-,-
Reliance,6 80 DHPST,80,2.10,-,-
Reliance,6 80 DHPT 102,80,1.80,-,-
Reliance,"(6,9) 40 UN(B,K)RT* 400",40,0.62,-,-
Reliance,"(6,9,12) 40 N(A,B,K)CS* 400",40,0.62,-,-
Reliance,"(6,9,12) 40 N(A,B,K)CT* 400",40,0.62,-,-
Reliance,"(6,9,12) 40 UN(A,B,K)CT* 400",40,0.63,-,-
Reliance,"(6,9,12) 50 UN(A,B,K)CT* 400",50,0.62,-,-
Reliance,9 40 GKFS 100,40,0.67,-,-
Reliance,9 40 GKFT 100,40,0.67,-,-
Reliance,9 50 GKFT 100,50,0.67,-,-
Reliance,9 50GKF S 100,50,0.67,-,-
Reliance,TS 110 GE 100,0,0.82,-,-
Reliance,TS 110 GI 100,0,0.82,-,-
Reliance,TS 140 GEH,0,0.93,-,-
Reliance,TS 140GEH 100,0,0.93,-,-
Reliance,TS 140GIH 100,0,0.93,-,-
Reliance,TS 240GEH 100,0,0.95,-,-
Reliance,TS 240GIH 100,0,0.95,-,-
Reliance,TS 310 GE 100,0,0.82,-,-
Reliance,TS 310 GI 100,0,0.82,-,-
Reliance,TS 340GEH 100,0,0.95,-,-
Reliance,TS 340GIH 100,0,0.95,-,-
Reliance,TS 510 GE 100,0,0.82,-,-
Reliance,TS 510 GI 100,0,0.82,-,-
Reliance,TS 540GEH 100,0,0.95,-,-
Reliance,TS 540GIH 100,0,0.95,-,-
Reliance,TS-110U-E 200,0,0.82,-,-
Reliance,TS-110U-I 200,0,0.82,-,-
Reliance,TS-310C-GI,0,0.82,-,-
Reliance,TS-310U-E 200,0,0.82,-,-
Reliance,TS-310U-I 200,0,0.82,-,-
Reliance,TS-510C-NI,0,0.82,-,-
Reliance,TS-510U-E 200,0,0.82,-,-
Reliance,TS-510U-I 200,0,0.82,-,-
Reliance,TS-540P-NEH,0,0.95,-,-
Reliance,TS-540P-NIH,0,0.95,-,-
Rheem,24I30FT1 *,29,0.63,-,-
Rheem,24I40FDVX,40,0.62,-,-
Rheem,24I40FT1,40,0.62,-,-
Rheem,24IR30DV1,30,0.63,-,-
Rheem,24IR40DV1,40,0.62,-,-
Rheem,24X30F1 *,29,0.63,-,-
Rheem,24X30FN1,29,0.63,-,-
Rheem,24X40F2,40,0.62,-,-
Rheem,24X40FN1,40,0.62,-,-
Rheem,24X40SF1 *,40,0.62,-,-
Rheem,24X40SFN,38,0.62,-,-
Rheem,42X40SF3,40,0.62,-,-
Rheem,42XR40-40F3,40,0.62,-,-
Rheem,42XR50-40F3,50,0.62,-,-
Rheem,ECO150DVLN3,0,0.82,-,-
Rheem,ECO150DVLN3-1,0,0.82,-,-
Rheem,ECO150XLN3-1,0,0.82,-,-
Rheem,ECO180DVLN3-1,0,0.82,-,-
Rheem,ECO180XLN3-1,0,0.82,-,-
Rheem,ECO200DVLN3-1,0,0.82,-,-
Rheem,ECO200XLN3-1,0,0.82,-,-
Rheem,ECOH160DVLN,0,0.92,-,-
Rheem,ECOH200DVLN,0,0.94,-,-
Rheem,GPDV50-65,50,0.62,-,-
Rheem,HB50E,50,1.90,-,-
Rheem,HB50RH,50,2.20,-,-
Rheem,HB80E,80,2.30,-,-
Rheem,HPLD40-1RH,40,-,3.1,3.15
Rheem,HPLD50-1RH,50,-,3.2,3.27
Rheem,HPLD65-1RH,65,-,3.2,3.27
Rheem,HPLD80-1RH,80,-,3.2,3.27
Rheem,M141521375,80,0.86,-,-
Rheem,MR50245 C,50,-,0.91,0.9
Rheem,MR85245,85,0.92,-,-
Rheem,MSR50245,50,0.95,-,-
Rheem,P2R-40SF,40,0.62,-,-
Rheem,PDV50,50,0.67,-,-
Rheem,PH2R50-40F3,50,0.62,-,-
Rheem,PRO H40 T2 RH310BM,40,-,2.9,2.90
Rheem,PRO H40 T2 RH310UM,40,-,2.9,2.90
Rheem,PRO H50 T2 RH310BM,50,-,2.9,2.9
Rheem,PRO H50 T2 RH310UM,50,-,2.9,2.90
Rheem,PRO H50 T2 RH350BM,50,-,3.2,3.27
Rheem,PRO H65 T2 RH310BM,65,-,2.9,2.9
Rheem,PRO H65 T2 RH310UM,65,-,2.9,2.90
Rheem,PRO H65 T2 RH350BM,65,-,3.4,3.51
Rheem,PRO H80 T2 RH310BM,80,-,2.9,2.90
Rheem,PRO H80 T2 RH310UM,80,-,2.9,2.90
Rheem,PRO H80 T2 RH350BM,80,-,3.4,3.51
Rheem,PRO40-40E2,38,0.69,-,-
Rheem,PRO40S-40E2,40,0.67,-,-
Rheem,PRO50S-40E2,50,0.67,-,-
Rheem,PROE28 S1 RH95,28,-,0.92,0.93
Rheem,PROE28 S2 RH95,28,-,0.92,0.93
Rheem,PROE47 S2 RH95 B,50,0.95,-,-
Rheem,PROE47 S2 RU95,47,-,0.93,0.95
Rheem,PROE50 T2 RH95,50,0.95,-,-
Rheem,PROE50 T2 RH96,50,0.95,-,-
Rheem,PROE50 T2 RH97,50,0.95,-,-
Rheem,PROE50 T2 RH98,50,0.95,-,-
Rheem,PROG29-30U RH63 EC1,29,0.63,-,-
Rheem,PROG29-32N RH63 *,29,0.63,-,-
Rheem,PROG29-32N RU63 *,29,0.63,-,-
Rheem,PRO+G29-60N RH70 ID,29,0.70,-,-
Rheem,PROG30-30N RH63 MH DV,30,0.63,-,-
Rheem,PROG30-32N RH63 MH *,29,0.63,-,-
Rheem,PROG30S-30N RH63,30,0.63,-,-
Rheem,PRO+G38-40N RH69 PD,38,0.69,-,-
Rheem,PROG38S-36U RH62,38,0.62,-,-
Rheem,PROG40 38N RH59,40,0.59,-,-
Rheem,PROG40 40N RH62,40,0.62,-,-
Rheem,PROG40-30N RH62 MH DV,40,0.62,-,-
Rheem,PROG40-34N RH62 MH,40,0.62,-,-
Rheem,PROG40-36N RH62 DV,40,0.62,-,-
Rheem,PROG40-36N RH62 MH DVX,40,0.62,-,-
Rheem,PROG40-36N RH62,40,0.62,-,-
Rheem,PROG40-36U RH67 PV,40,0.67,-,-
Rheem,PRO+G40-36U RH68,40,0.68,-,-
Rheem,PROG40-38N RH62,40,0.62,-,-
Rheem,PRO+G40-38U RH62 EC1,40,0.62,-,-
Rheem,PROG40-38U RH62 EC1,40,0.62,-,-
Rheem,PROG40-40N RH67 PDV,40,0.67,-,-
Rheem,PROG40-40N RH67 PV,40,0.67,-,-
Rheem,PROG40S-34N RH62 *,40,0.62,-,-
Rheem,PROG40S-36N RH67 PV,40,0.67,-,-
Rheem,PROG40S-38N RH62,40,0.62,-,-
Rheem,PRO+G40S-40N RH62,40,0.62,-,-
Rheem,PROG40S-40N RH62,40,0.62,-,-
Rheem,PRO+G40S-40N RH67 PD,40,0.67,-,-
Rheem,PROG50 38N RH58,50,0.58,-,-
Rheem,PROG50 38N RH60,50,0.60,-,-
Rheem,PROG50 40N RH62,50,0.62,-,-
Rheem,PRO+G50-36U RH68,50,0.68,-,-
Rheem,PROG50-38U RH62 EC1,50,0.62,-,-
Rheem,PROG50-38U RH67 PV,50,0.67,-,-
Rheem,PRO+G50-40N RH67 PD,50,0.67,-,-
Rheem,PROG50-40N RH67 PDV,50,0.67,-,-
Rheem,PROG50-42N RH67 PV,50,0.67,-,-
Rheem,PRO+G50-50N RH67 PD,50,0.67,-,-
Rheem,PRO+G50-65N RH62 PDV,50,0.62,-,-
Rheem,PROG50S-36N RH67 PV,50,0.67,-,-
Rheem,PRO+G50S-40N RH67 PD,50,0.67,-,-
Rheem,PROPG38-40N RH69 PD,38,0.69,-,-
Rheem,PROPG50-36U RH68 PD,50,0.68,-,-
Rheem,PROPG50-40N RH67 PD,50,0.67,-,-
Rheem,PROPH40 T2 RH375-15,40,-,3.1,3.15
Rheem,PROPH40 T2 RH375-30,40,-,3.1,3.15
Rheem,PROPH40 T2 RH375-SO,40,-,3.1,3.15
Rheem,PROPH50 T2 RH245,50,1.90,-,-
Rheem,PROPH50 T2 RH245BM,50,1.90,-,-
Rheem,PROPH50 T2 RH350 D,50,3.20,-,-
Rheem,PROPH50 T2 RH375-15,50,-,3.2,3.27
Rheem,PROPH50 T2 RH375-30,50,-,3.2,3.27
Rheem,PROPH50 T2 RH375-SO,50,-,3.2,3.27
Rheem,PROPH65 T2 RH350 DCB,65,-,3.4,3.51
Rheem,PROPH65 T2 RH375-15,65,-,3.2,3.27
Rheem,PROPH65 T2 RH375-30,65,-,3.2,3.27
Rheem,PROPH65 T2 RH375-SO,65,-,3.2,3.27
Rheem,PROPH80 T2 RH245,80,2.30,-,-
Rheem,PROPH80 T2 RH245BM,80,2.30,-,-
Rheem,PROPH80 T2 RH350 D,80,3.40,-,-
Rheem,PROPH80 T2 RH375-15,80,-,3.2,3.27
Rheem,PROPH80 T2 RH375-30,80,-,3.2,3.27
Rheem,PROPH80 T2 RH375-SO,80,-,3.2,3.27
Rheem,RHE40S,38,0.82,-,-
Rheem,RHE50,48,0.82,-,-
Rheem,RTG 84DVLN,0,0.82,-,-
Rheem,RTG-64DVLN-1,0,0.82,-,-
Rheem,RTG-64DVLNWA-1,0,0.82,-,-
Rheem,RTG-64XLN-1,0,0.82,-,-
Rheem,RTG-64XLNWA-1,0,0.82,-,-
Rheem,RTG-84DVLN-1,0,0.82,-,-
Rheem,RTG-84DVLNWA-1,0,0.82,-,-
Rheem,RTG-84XLN-1,0,0.82,-,-
Rheem,RTG-84XLNWA-1,0,0.82,-,-
Rheem,RTG-95DVLN-1,0,0.82,-,-
Rheem,RTG-95DVLNWA-1,0,0.82,-,-
Rheem,RTG-95XLN-1,0,0.82,-,-
Rheem,RTG-95XLNWA-1,0,0.82,-,-
Rheem,RTGH-84DVLN,0,0.92,-,-
Rheem,RTGH-84DVLN-2,0,-,0.93,0.93
Rheem,RTGH-84XLN,0,0.92,-,-
Rheem,RTGH-84XLN-2,0,-,0.93,0.93
Rheem,RTGH-90DVLN,0,0.93,-,-
Rheem,RTGH-90XLN,0,0.93,-,-
Rheem,RTGH-95DVLN,0,0.94,-,-
Rheem,RTGH-95DVLN-2,0,-,0.93,0.93
Rheem,RTGH-95XLN,0,0.94,-,-
Rheem,XE40M06ST45U1,40,-,0.93,0.95
Rheem,XE40M12EC55UO,40,0.93,-,-
Rheem,XE40M12ST45U1,40,-,0.93,0.95
Rheem,XE40T10H22U0,40,-,3.1,3.15
Rheem,XE40T10H45U0,40,-,3.1,3.15
Rheem,XE40T10HS45U0,40,-,3.1,3.15
Rheem,XE50M06ST45U1,50,-,0.93,0.95
Rheem,XE50M12EC55U1,50,0.93,-,-
Rheem,XE50T10H22U0,50,-,3.2,3.27
Rheem,XE50T10H45U0,50,-,3.2,3.27
Rheem,XE50T10HD50U0,50,3.20,-,-
Rheem,XE50T10HD50U1,50,-,3.2,3.27
Rheem,XE50T10HS45U0,50,-,3.2,3.27
Rheem,XE50T12EC55U1,50,0.93,-,-
Rheem,XE50T12EH45U0,50,1.90,-,-
Rheem,XE50T12EH45U0W,50,1.90,-,-
Rheem,XE65T10H22U0,65,-,3.2,3.27
Rheem,XE65T10H45U0,65,-,3.2,3.27
Rheem,XE65T10HD50U0,65,3.40,-,-
Rheem,XE65T10HS45U0,65,-,3.2,3.27
Rheem,XE80T10H22U0,80,-,3.2,3.27
Rheem,XE80T10H45U0,80,-,3.2,3.27
Rheem,XE80T10HD50U0,80,3.40,-,-
Rheem,XE80T10HS45U0,80,-,3.2,3.27
Rheem,XE80T12EH45U0,80,2.30,-,-
Rheem,XE80T12EH45U0W,80,2.30,-,-
Rheem,XE80T12ET45U0 HPWH,80,2.30,-,-
Rheem,XG29T06EC32U1 *,29,0.63,-,-
Rheem,XG29T06EN30U0,29,0.63,-,-
Rheem,XG29T06MH32U1 *,29,0.63,-,-
Rheem,XG29T12XR60U0,29,0.70,-,-
Rheem,XG30S06EC30U1,30,0.63,-,-
Rheem,XG30T06MD30U1,30,0.63,-,-
Rheem,XG38S06EN36U1,38,0.62,-,-
Rheem,XG40S06EC34U0 *,40,0.62,-,-
Rheem,XG40S06EC34U0,40,0.62,-,-
Rheem,XG40S06HE38U0,40,0.62,-,-
Rheem,XG40S09HE38U0,40,0.62,-,-
Rheem,XG40S12DM40C0,40,0.67,-,-
Rheem,XG40S12DM40U0,40,0.67,-,-
Rheem,XG40S12DM40U0W,40,0.67,-,-
Rheem,XG40S12HE38U0,40,0.62,-,-
Rheem,XG40T06DV36U0,40,0.62,-,-
Rheem,XG40T06EC36U1,40,0.62,-,-
Rheem,XG40T06EN38U0,40,0.62,-,-
Rheem,XG40T06MD30U1,40,0.62,-,-
Rheem,XG40T06MH34U1,40,0.62,-,-
Rheem,XG40T06PV40U0,40,0.67,-,-
Rheem,XG40T09EN38U0,40,0.62,-,-
Rheem,XG40T09HE40U0,40,0.62,-,-
Rheem,XG40T12DM40U0,38,0.69,-,-
Rheem,XG40T12DM40U0W,38,0.69,-,-
Rheem,XG40T12DU36U0,40,0.68,-,-
Rheem,XG40T12DU36U0W,40,0.68,-,-
Rheem,XG40T12EN38U0,40,0.62,-,-
Rheem,XG40T12HE40U0,40,0.62,-,-
Rheem,XG50S12DM40C0,50,0.67,-,-
Rheem,XG50S12DM40U0,50,0.67,-,-
Rheem,XG50T06HE40U0,50,0.62,-,-
Rheem,XG50T06HN38U1,50,0.62,-,-
Rheem,XG50T06PV36UO,50,0.60,-,-
Rheem,XG50T06PV42U0,50,0.67,-,-
Rheem,XG50T09HE40U0,50,0.62,-,-
Rheem,XG50T09HN38U1,50,0.62,-,-
Rheem,XG50T12DM40U0,50,0.67,-,-
Rheem,XG50T12DM40U0W,50,0.67,-,-
Rheem,XG50T12DU36U0,50,0.68,-,-
Rheem,XG50T12DU36U0W,50,0.68,-,-
Rheem,XG50T12HE36UO,50,0.62,-,-
Rheem,XG50T12HE40U0,50,0.62,-,-
Rheem,XG50T12HN38U1,50,0.62,-,-
Richmond,10E40-HP515,40,-,3.1,3.15
Richmond,10E40-HP530,40,-,3.1,3.15
Richmond,10E40-HP5S30,40,-,3.1,3.15
Richmond,10E50-HP4D,50,3.20,-,-
Richmond,10E50-HP515,50,-,3.2,3.27
Richmond,10E50-HP530,50,-,3.2,3.27
Richmond,10E50-HP5S30,50,-,3.2,3.27
Richmond,10E65-HP4D,65,3.40,-,-
Richmond,10E65-HP515,65,-,3.2,3.27
Richmond,10E65-HP530,65,-,3.2,3.27
Richmond,10E65-HP5S30,65,-,3.2,3.27
Richmond,10E80-HP4D,80,3.40,-,-
Richmond,10E80-HP515,80,-,3.2,3.27
Richmond,10E80-HP530,80,-,3.2,3.27
Richmond,10E80-HP5S30,80,-,3.2,3.27
Richmond,12E50-HP,50,1.90,-,-
Richmond,12E80-HP,80,2.30,-,-
Richmond,12G30-60,29,0.70,-,-
Richmond,12G40-36NE2,40,0.68,-,-
Richmond,12G40-38FN4,40,0.62,-,-
Richmond,12G40-40E2,38,0.69,-,-
Richmond,12G40S-40E2,40,0.67,-,-
Richmond,12G50-36NE2,50,0.68,-,-
Richmond,12G50-40E2,50,0.67,-,-
Richmond,12G50S-40E2,50,0.67,-,-
Richmond,12GR40-40F3,40,0.62,-,-
Richmond,12GR40S-40F,40,0.62,-,-
Richmond,12GR50-40F3,50,0.62,-,-
Richmond,6G30-30FN4,29,0.63,-,-
Richmond,6G30-32F3 *,29,0.63,-,-
Richmond,6G30-60,29,0.70,-,-
Richmond,6G30S-30F3,30,0.63,-,-
Richmond,6G40-36F3,40,0.62,-,-
Richmond,6G40-36NE2,40,0.68,-,-
Richmond,6G40-38FN4,40,0.62,-,-
Richmond,6G40-40E2,38,0.69,-,-
Richmond,6G40PDV-40,40,0.67,-,-
Richmond,6G40PV-36FN,40,0.67,-,-
Richmond,6G40S-34F3,40,0.62,-,-
Richmond,6G40S-36FN3,38,0.62,-,-
Richmond,6G40S-40E2,40,0.67,-,-
Richmond,6G50-36NE2,50,0.68,-,-
Richmond,6G50-40E2,50,0.67,-,-
Richmond,6G50PDV-40,50,0.67,-,-
Richmond,6G50PDV-65,50,0.62,-,-
Richmond,6G50PV-38FN,50,0.67,-,-
Richmond,6G50S-40E2,50,0.67,-,-
Richmond,6GDV40F3,40,0.62,-,-
Richmond,6GR40-40F3,40,0.62,-,-
Richmond,6GR40PVE2-40,40,0.67,-,-
Richmond,6GR40SPVE2-36,40,0.67,-,-
Richmond,6GR50-40F3,50,0.62,-,-
Richmond,6GR50PVE2-42,50,0.67,-,-
Richmond,6GR50SPVE2-36,50,0.67,-,-
Richmond,6RHE40S,38,0.82,-,-
Richmond,6RHE50,48,0.82,-,-
Richmond,6V30FT3 *,29,0.63,-,-
Richmond,6V40FT3,40,0.62,-,-
Richmond,9G40-36NE2,40,0.68,-,-
Richmond,9G40-38F3,40,0.62,-,-
Richmond,9G40-38FN4,40,0.62,-,-
Richmond,9G40-40E2,38,0.69,-,-
Richmond,9G40S-36FN3,38,0.62,-,-
Richmond,9G40S-38F3,40,0.62,-,-
Richmond,9G40S-40E2,40,0.67,-,-
Richmond,9G50-36NE2,50,0.68,-,-
Richmond,9G50-40E2,50,0.67,-,-
Richmond,9G50S-40E2,50,0.67,-,-
Richmond,HB50RM,50,2.20,-,-
Richmond,MV40FDVX3,40,0.62,-,-
Richmond,MVR30DV3,30,0.63,-,-
Richmond,MVR40DV3,40,0.62,-,-
Richmond,RMTG64DVLN-1,0,0.82,-,-
Richmond,RMTG64XLN-1,0,0.82,-,-
Richmond,RMTG84DVLN-1,0,0.82,-,-
Richmond,RMTG84XLN-1,0,0.82,-,-
Richmond,RMTG95DVLN-1,0,0.82,-,-
Richmond,RMTG95XLN-1,0,0.82,-,-
Richmond,TPDV50-65*,50,0.62,-,-
Rinnai,REU-KB2530FFUD-US,0,0.96,-,-
Rinnai,REU-KB2530WD-US,0,0.96,-,-
Rinnai,REU-KB2934WD-US,0,0.96,-,-
Rinnai,REU-KB3237FFUD-US,0,0.95,-,-
Rinnai,REU-KB3237WD-US,0,0.95,-,-
Rinnai,REU-KBD2530FFUD-US,0,0.96,-,-
Rinnai,REU-KBD2934FFUD-US,0,0.96,-,-
Rinnai,REU-KBD3237FFUD-US,0,0.95,-,-
Rinnai,REU-KBP3237FFUD-US,0,0.95,-,-
Rinnai,REU-KBP3237WD-US,0,0.95,-,-
Rinnai,REU-VAM1620W-US,0,0.82,-,-
Rinnai,REU-VC2025FFU-US,0,0.82,-,-
Rinnai,REU-VC2025W-US,0,0.82,-,-
Rinnai,REU-VC2528FFUD(A)-US,0,0.82,-,-
Rinnai,REU-VC2528FFU-US,0,0.82,-,-
Rinnai,REU-VC2528WD(A)-US,0,0.82,-,-
Rinnai,REU-VC2528W-US,0,0.82,-,-
Rinnai,REU-VC2737FFUD-US,0,0.82,-,-
Rinnai,REU-VC2837FFUD-US,0,0.82,-,-
Rinnai,REU-VC2837WD-US,0,0.82,-,-
Rinnai,RL75e (VC2528WD-US),0,0.82,-,-
Rinnai,RL75i (VC2528FFUD-US),0,0.82,-,-
Rinnai,RL94i (REU-VC2837FFUD-US),0,0.82,-,-
Rinnai,(RU160I) REU-N2530FF-US,0,-,0.93,0.93
Rinnai,(RU180I) REU-N2934FF-US,0,-,0.93,0.93
Rinnai,(RU199I) REU-N3237FF-US,0,-,0.93,0.93
Rinnai,RUC80i (REU-KBD2530FFUD),0,0.96,-,-
Rinnai,RUC90i (REU-KBD-2934FFUD),0,0.96,-,-
Rinnai,RUC98i (REU-KBD3237FFUD),0,0.95,-,-
Rinnai,RUCS75i (REU-KCM2528FFU-US),0,0.93,-,-
Rinnai,RUTGH-95DVLN-2,0,-,0.93,0.93
Ruud,HB50RU,50,2.20,-,-
Ruud,HPLD40-1RU,40,-,3.1,3.15
Ruud,HPLD50-1RU,50,-,3.2,3.27
Ruud,HPLD65-1RU,65,-,3.2,3.27
Ruud,HPLD80-1RU,80,-,3.2,3.27
Ruud,M2-40F2,40,0.62,-,-
Ruud,M2-40SF1 *,40,0.62,-,-
Ruud,M4-30FN1,29,0.63,-,-
Ruud,M4-40FN1,40,0.62,-,-
Ruud,M4-40SFN,38,0.62,-,-
Ruud,PH2R40-40F3,40,0.62,-,-
Ruud,PHE40S,38,0.82,-,-
Ruud,PHE50,48,0.82,-,-
Ruud,PRO H40 T2 RU310BM,40,-,2.9,2.90
Ruud,PRO H40 T2 RU310UM,40,-,2.9,2.90
Ruud,PRO H50 T2 RU310BM,50,-,2.9,2.90
Ruud,PRO H50 T2 RU310UM,50,-,2.9,2.90
Ruud,PRO H50 T2 RU350BM,50,-,3.2,3.27
Ruud,PRO H65 T2 RU310BM,65,-,2.9,2.90
Ruud,PRO H65 T2 RU310UM,65,-,2.9,2.90
Ruud,PRO H65 T2 RU350BM,65,-,3.4,3.51
Ruud,PRO H80 T2 RU310BM,80,-,2.9,2.90
Ruud,PRO H80 T2 RU310UM,80,-,2.9,2.90
Ruud,PROE28 S1 RU95,28,-,0.92,0.93
Ruud,PROE28 S2 RU95,28,-,0.92,0.93
Ruud,PROG29-30U RU63 EC1,29,0.63,-,-
Ruud,PRO+G29-60N RU70 ID,29,0.70,-,-
Ruud,PROG30S-30N RU63,30,0.63,-,-
Ruud,PRO+G38-40N RU69 PD,38,0.69,-,-
Ruud,PROG38S-36U RU62,38,0.62,-,-
Ruud,PROG40-36N RU62 DV,40,0.62,-,-
Ruud,PROG40-36N RU62,40,0.62,-,-
Ruud,PROG40-36U RU67 PV,40,0.67,-,-
Ruud,PRO+G40-36U RU68,40,0.68,-,-
Ruud,PROG40-38N RU62,40,0.62,-,-
Ruud,PRO+G40-38U RU62 EC1,40,0.62,-,-
Ruud,PROG40-38U RU62 EC1,40,0.62,-,-
Ruud,PROG40-40N RU62,40,0.62,-,-
Ruud,PROG40-40N RU67 PDV,40,0.67,-,-
Ruud,PROG40-40N RU67 PV,40,0.67,-,-
Ruud,PROG40S-34N RU62 *,40,0.62,-,-
Ruud,PROG40S-36N RU67 PV,40,0.67,-,-
Ruud,PROG40S-38N RU62,40,0.62,-,-
Ruud,PROG40S-40N RU62,40,0.62,-,-
Ruud,PRO+G40S-40N RU67 PD,40,0.67,-,-
Ruud,PRO+G50-36U RU68,50,0.68,-,-
Ruud,PRO+G50-38U RU62 EC1,50,0.62,-,-
Ruud,PROG50-38U RU62 EC1,50,0.62,-,-
Ruud,PROG50-38U RU67 PV,50,0.67,-,-
Ruud,PROG50-40N RU62,50,0.62,-,-
Ruud,PRO+G50-40N RU67 PD,50,0.67,-,-
Ruud,PROG50-40N RU67 PDV,50,0.67,-,-
Ruud,PROG50-42N RU67 PV,50,0.67,-,-
Ruud,PRO+G50-50N RU67 PD,50,0.67,-,-
Ruud,PRO+G50-65N RU62 PDV,50,0.62,-,-
Ruud,PROG50S-36N RU67 PV,50,0.67,-,-
Ruud,PRO+G50S-40N RU67 PD,50,0.67,-,-
Ruud,PROPH50 T2 RH245,50,1.90,-,-
Ruud,PROPH50 T2 RU245BM,50,1.90,-,-
Ruud,PROPH80 T2 RH245,80,2.30,-,-
Ruud,PROPH80 T2 RU245BM,80,2.30,-,-
Ruud,PROUG38-40N RU69 PD,38,0.69,-,-
Ruud,PROUG40-36U RU68 PD,40,0.68,-,-
Ruud,PROUG50-36U RU68 PD,50,0.68,-,-
Ruud,PROUG50-40N RU67 PD,50,0.67,-,-
Ruud,PROUH40 T2 RU375-15,40,-,3.1,3.15
Ruud,PROUH40 T2 RU375-30,40,-,3.1,3.15
Ruud,PROUH40 T2 RU375-SO,40,-,3.1,3.15
Ruud,PROUH50 T2 RU245,50,1.90,-,-
Ruud,PROUH50 T2 RU350 D,50,3.20,-,-
Ruud,PROUH50 T2 RU375-15,50,-,3.2,3.27
Ruud,PROUH50 T2 RU375-30,50,-,3.2,3.27
Ruud,PROUH50 T2 RU375-SO,50,-,3.2,3.27
Ruud,PROUH65 T2 RU350 D,65,3.40,-,-
Ruud,PROUH65 T2 RU375-15,65,-,3.2,3.27
Ruud,PROUH65 T2 RU375-30,65,-,3.2,3.27
Ruud,PROUH65 T2 RU375-SO,65,-,3.2,3.27
Ruud,PROUH80 T2 RU245,80,2.30,-,-
Ruud,PROUH80 T2 RU350 D,80,3.40,-,-
Ruud,PROUH80 T2 RU375-15,80,-,3.2,3.27
Ruud,PROUH80 T2 RU375-30,80,-,3.2,3.27
Ruud,PROUH80 T2 RU375-SO,80,-,3.2,3.27
Ruud,RTGH 95DVLN,0,0.94,-,-
Ruud,RUTG 84DVLN,0,0.82,-,-
Ruud,RUTG 95DVLN 1,0,0.82,-,-
Ruud,RUTG-64DVLN-1,0,0.82,-,-
Ruud,RUTG-64DVLNWA-1,0,0.82,-,-
Ruud,RUTG-64XLN-1,0,0.82,-,-
Ruud,RUTG-64XLNWA-1,0,0.82,-,-
Ruud,RUTG-84DVLN-1,0,0.82,-,-
Ruud,RUTG-84DVLNWA-1,0,0.82,-,-
Ruud,RUTG-84XLN-1,0,0.82,-,-
Ruud,RUTG-84XLNWA-1,0,0.82,-,-
Ruud,RUTG-95DVLN-1,0,0.82,-,-
Ruud,RUTG-95DVLNWA-1,0,0.82,-,-
Ruud,RUTG-95XLN-1,0,0.82,-,-
Ruud,RUTG-95XLNWA-1,0,0.82,-,-
Ruud,RUTGH-84DVLN-2,0,-,0.93,0.93
Ruud,RUTGH-95XLN,0,0.94,-,-
Ruud,RUTGH-RH11DVLN *,0,-,0.94,0.94
Sanden,"GS3-45HPA, SAN-119GLBK",119,-,3,3.03
Sanden,"GS3-45HPA-US, GAUS-160QTA",43,-,2.9,2.9
Sanden,"GS3-45HPA-US, SAN-43SSAQA",43,-,2.9,2.9
Sanden,"GUS-45HPA, GAUS-315EQTD",83,3.20,-,-
Sanden,"GUS-45HPA, SAN-83SSAQA",83,3.20,-,-
Sanden,GUSA45HPA,83,3.20,-,-
SELECT,GS 6 50YBF S 100,50,0.67,-,-
SELECT,GS6 40 UBDS L,40,0.62,-,-
SELECT,GS6 40 UBVIT 100,40,0.68,-,-
SELECT,GS6 50 UBDT L,50,0.62,-,-
SELECT,GS6 50 UBVIT 100,50,0.68,-,-
State,6 40YBVIS 200,40,0.70,-,-
State,6 40YRVIT 200,40,0.70,-,-
State,6 50YBVIS 200,50,0.70,-,-
State,6 50YRVIT 200,50,0.70,-,-
State,EN6 50DORTG 100,50,0.95,-,-
State,EN6-50-DOLBS***,44,-,0.91,0.9
State,EP6 80 DHPT 102,80,1.80,-,-
State,EPX 60 DHPT,60,2.00,-,-
State,EPX 80 DHPT 102,80,1.80,-,-
State,EPX 80 DHPT,80,1.80,-,-
State,GP6 40 YPCT 102,40,0.70,-,-
State,GP6 50 YPCT 100,50,0.70,-,-
State,GS 50BCT 400,50,0.62,-,-
State,GS 6 40 BRUT* 400,40,0.62,-,-
State,GS 6 40 YBPDS ** 200,40,0.71,-,-
State,GS 6 40 YBPDS 200,40,0.71,-,-
State,GS 6 40 YBPDSL 200,40,0.71,-,-
State,GS 6 40YRVIT ** 200,40,0.70,-,-
State,GS 6 40YRVIT 200,40,0.70,-,-
State,GS 6 40YRVITL  200,40,0.70,-,-
State,GS 6 50YBD S*** 300,50,0.62,-,-
State,GS 6 50YBPDT 200,50,0.70,-,-
State,GS 6 50YBPDT A2 200,50,0.70,-,-
State,GS 6 50YBPDT A5 200,50,0.70,-,-
State,GS 6 50YBPDTL 200,50,0.70,-,-
State,GS 6 50YBVIS ** 200,50,0.70,-,-
State,GS 6 50YBVIS 200,50,0.70,-,-
State,GS 6 50YRPDT L 5 200,50,0.71,-,-
State,GS 6 50YRVHSL 5 200,50,0.70,-,-
State,GS 6 50YRVIT 200,50,0.70,-,-
State,GS 6 50YRVIT (A2) 200,50,0.70,-,-
State,GS 6 50YRVIT (A5) 200,50,0.70,-,-
State,GS 6 50YRVITL 200,50,0.70,-,-
State,GS6 30 MDV* 250,30,0.63,-,-
State,GS6 30 MDV* 400,30,0.63,-,-
State,GS6 30 MHG* 400,30,0.63,-,-
State,GS6 30 OCS* 400,30,0.63,-,-
State,GS6 30 OCT* 250,30,0.63,-,-
State,GS6 30 ORBS* 400,30,0.63,-,-
State,GS6 30 ORBT* 400,30,0.63,-,-
State,GS6 40 BCS* 250,40,0.62,-,-
State,GS6 40 BCT* 250,40,0.62,-,-
State,GS6 40 BCUS* 400,40,0.62,-,-
State,GS6 40 BCUT* 400,40,0.63,-,-
State,GS6 40 BFUT* 100,40,0.67,-,-
State,GS6 40 BRBS* 400,40,0.62,-,-
State,GS6 40 BRBT* 400,40,0.62,-,-
State,GS6 40 MDV* 250,40,0.62,-,-
State,GS6 40 MDV* 400,40,0.62,-,-
State,GS6 40 MHG* 400,40,0.62,-,-
State,GS6 40 YBDS 300,40,0.63,-,-
State,GS6 40 YBDSL 300,40,0.63,-,-
State,GS6 40 YBFS 100,40,0.67,-,-
State,GS6 40 YBFT 100,40,0.67,-,-
State,GS6 40YBVIS ** 200,40,0.70,-,-
State,GS6 40YBVIS 200,40,0.70,-,-
State,GS6 50 BCT 400,50,0.62,-,-
State,GS6 50 BCTG 400,50,0.62,-,-
State,GS6 50 BCUT* 400,50,0.62,-,-
State,GS6 50 BFUT* 100,50,0.67,-,-
State,GS6 50 BRT*,50,0.60,-,-
State,GS6 50 YBFT 100,50,0.67,-,-
State,GS6 50 YOCTG 300,50,0.62,-,-
State,GS6 60 ORUT* 400,30,0.63,-,-
State,GS6 75 XRRS* 400,74,-,0.6,0.62
State,"GS(6,X) 30 OCT* 400",30,0.63,-,-
State,"GS(6,X) 40 BCS* 400",40,0.62,-,-
State,"GS(6,X) 40 BCT* 400",40,0.62,-,-
State,"GS(6,X) 40 OCT* 400",40,0.62,-,-
State,"GS(6,X) 50 BCT* 400",50,0.62,-,-
State,GSX 30 ORUT* 400,30,0.63,-,-
State,GSX 40 BCUS* 400,40,0.62,-,-
State,GSX 40 BCUT* 400,40,0.63,-,-
State,GSX 40 BRUT* 400,40,0.62,-,-
State,GSX 50 BCUT* 400,50,0.62,-,-
State,GTS 110NE 100,0,0.82,-,-
State,GTS 110NI 100,0,0.82,-,-
State,GTS 140NEH 100,0,0.93,-,-
State,GTS 140NIH 100,0,0.93,-,-
State,GTS 240NEH 100,0,0.95,-,-
State,GTS 240NIH 100,0,0.95,-,-
State,GTS 310NE 100,0,0.82,-,-
State,GTS 310NI 100,0,0.82,-,-
State,GTS 340NEH 100,0,0.95,-,-
State,GTS 340NIH 100,0,0.95,-,-
State,GTS 510NE 100,0,0.82,-,-
State,GTS 510NI 100,0,0.82,-,-
State,GTS 540NEH 100,0,0.95,-,-
State,GTS 540NIH 100,0,0.95,-,-
State,GTS-110U-E 200,0,0.82,-,-
State,GTS-110U-I 200,0,0.82,-,-
State,GTS-310C-NI,0,0.82,-,-
State,GTS-310U-E 200,0,0.82,-,-
State,GTS-310U-I 200,0,0.82,-,-
State,GTS-510C-NI,0,0.82,-,-
State,GTS-510U-E 200,0,0.82,-,-
State,GTS-510U-I 200,0,0.82,-,-
State,GTS-540P-NEH,0,0.95,-,-
State,GTS-540P-NIH,0,0.95,-,-
State,GW8 40 BCS* 400,40,0.62,-,-
State,GW8 40 BCT* 400,40,0.62,-,-
State,GW8 40 BCUS* 400,40,0.62,-,-
State,GW8 40 BCUT* 400,40,0.63,-,-
State,GW8 40 BRUT* 400,40,0.62,-,-
State,GW8 50 BCT* 400,50,0.62,-,-
State,GW8 50 BCUT* 400,50,0.62,-,-
State,HP6 50 DHPT 120,50,2.40,-,-
State,HP6 50 DHPT,50,2.40,-,-
State,HP6 66 DHPT 120,66,2.60,-,-
State,HP6 66 DHPT,66,2.60,-,-
State,HP6 80 DHPT 120,80,2.70,-,-
State,HP6 80 DHPT,80,2.70,-,-
State,HPX 50 DHPT 120,50,-,2.9,2.9
State,HPX 50 DHPTNE **,50,-,2.9,2.9
State,HPX 50 DHPTNE,50,2.40,-,-
State,HPX 66 DHPT NE,66,2.60,-,-
State,HPX 80 DHPT NE,80,2.70,-,-
State,HPX-50-DHPTCTA 130,50,-,2.9,2.90
State,HPX-50-DHPTDR 130,50,-,2.9,2.90
State,HPX-66-DHPTCTA 130,66,-,3.1,3.15
State,HPX-66-DHPTDR 130,66,-,3.1,3.15
State,HPX-80-DHPTCTA 130,80,-,2.9,2.90
State,HPX-80-DHPTDR 130,80,-,2.9,2.90
State,SC I 40YOMDS 300,40,0.63,-,-
State,SC I 50YOMDS 300,50,0.62,-,-
State,SCI 30 MDV* 250,30,0.63,-,-
State,SCI 30 MDV* 400,30,0.63,-,-
State,SCI 30 MHG* 400,30,0.63,-,-
State,SCI 40 MDV* 250,40,0.62,-,-
State,SCI 40 MDV* 400,40,0.62,-,-
State,SCI 40 MHG* 400,40,0.62,-,-
State,SGV 82 10TS,80,1.50,-,-
State,SP6 50 DHPT,50,2.00,-,-
State,SP6 66 DHPT,66,2.00,-,-
State,SP6 80 DHPT,80,2.10,-,-
State,SPX 50 DHPT 100,50,2.00,-,-
State,SPX 50 DHPT,50,2.00,-,-
State,SPX 66 DHPT,66,2.00,-,-
State,SPX 80 DHPT,80,2.10,-,-
Stiebel Eltron,Accelera 220 E,58,2.60,-,-
Stiebel Eltron,Accelera 300,80,1.90,-,-
Stiebel Eltron,Accelera 300E,80,1.90,-,-
Stiebel Eltron,Accelera 300/WHP 300,80,1.90,-,-
SURE COMFORT,3G40-36F3,40,0.62,-,-
SURE COMFORT,SCG40T03ST34U1,40,0.62,-,-
SURE COMFORT,SCG40T03UN38U0,40,0.62,-,-
Takagi,T-D2-IN-N,0,0.82,-,-
Takagi,T-D2-OS-N,0,0.82,-,-
Takagi,T-H3-DV-N,0,0.95,-,-
Takagi,T-H3J-DV-N,0,0.95,-,-
Takagi,T-H3J-OS-N,0,0.95,-,-
Takagi,T-H3M-DV-N,0,0.93,-,-
Takagi,T-H3M-OS-N,0,0.93,-,-
Takagi,T-H3-OS-N,0,0.95,-,-
Takagi,T-H3S-DV-N,0,0.95,-,-
Takagi,T-H3S-OS-N,0,0.95,-,-
Takagi,TK-110U-E 200,0,0.82,-,-
Takagi,TK-110U-I 200,0,0.82,-,-
Takagi,TK-310C-NI,0,0.82,-,-
Takagi,TK-310U-E 200,0,0.82,-,-
Takagi,TK-310U-I 200,0,0.82,-,-
Takagi,T-K4-IN-N,0,0.82,-,-
Takagi,T-K4-OS-N,0,0.82,-,-
Takagi,TK-510C-NI,0,0.82,-,-
Takagi,TK-510U-E 200,0,0.82,-,-
Takagi,TK-510U-I 200,0,0.82,-,-
Takagi,TK-540P-NEH,0,0.95,-,-
Takagi,TK-540P-NIH,0,0.95,-,-
Takagi,T-KJR2-IN-N,0,0.82,-,-
Takagi,T-KJR2-OS,0,0.82,-,-
Takagi,T-KJR2-OS-N,0,0.82,-,-
Triangle Tube,SMART 80,80,0.95,-,-
Triangle Tube,TWH180,0,0.95,-,-
Triangle Tube,TWH200,0,0.97,-,-
U.S. Craftmaster,FDG2F4040S3N,40,0.67,-,-
U.S. Craftmaster,FDG2F4040T3N,40,0.67,-,-
U.S. Craftmaster,FDG2F5040T3N,50,0.67,-,-
U.S. Craftmaster,FDG2H4040S3N,40,0.67,-,-
U.S. Craftmaster,FDG2H4040T3N,40,0.67,-,-
U.S. Craftmaster,FDG2H5040T3N,50,0.67,-,-
U.S. Craftmaster,FDG2J4040S3N,40,0.67,-,-
U.S. Craftmaster,FDG2J4040T3N,40,0.67,-,-
U.S. Craftmaster,FDG2J5040T3N,50,0.67,-,-
U.S. Craftmaster,GTU 110NE 100,0,0.82,-,-
U.S. Craftmaster,GTU 110NI 100,0,0.82,-,-
U.S. Craftmaster,GTU 140NEH 100,0,0.93,-,-
U.S. Craftmaster,GTU 140NIH 100,0,0.93,-,-
U.S. Craftmaster,GTU 240NEH 100,0,0.95,-,-
U.S. Craftmaster,GTU 240NIH 100,0,0.95,-,-
U.S. Craftmaster,GTU 310NE 100,0,0.82,-,-
U.S. Craftmaster,GTU 310NI 100,0,0.82,-,-
U.S. Craftmaster,GTU 340NEH 100,0,0.95,-,-
U.S. Craftmaster,GTU 340NIH 100,0,0.95,-,-
U.S. Craftmaster,GTU 510NE 100,0,0.82,-,-
U.S. Craftmaster,GTU 510NI 100,0,0.82,-,-
U.S. Craftmaster,GTU 540NEH 100,0,0.95,-,-
U.S. Craftmaster,GTU 540NIH100,0,0.95,-,-
U.S. Craftmaster,GTU-110C-NI,0,0.82,-,-
U.S. Craftmaster,GTU-110U-E 200,0,0.82,-,-
U.S. Craftmaster,GTU-110U-I 200,0,0.82,-,-
U.S. Craftmaster,GTU-310C-NI,0,0.82,-,-
U.S. Craftmaster,GTU-310U-E 200,0,0.82,-,-
U.S. Craftmaster,GTU-310U-I 200,0,0.82,-,-
U.S. Craftmaster,GTU-510C-NI,0,0.82,-,-
U.S. Craftmaster,GTU-510-I 200,0,0.82,-,-
U.S. Craftmaster,GTU-510U-E 200,0,0.82,-,-
U.S. Craftmaster,GTU-540P-NEH,0,0.95,-,-
U.S. Craftmaster,GTU-540P-NIH,0,0.95,-,-
U.S. Craftmaster,HPE2F80HD045VU 102,80,1.80,-,-
U.S. Craftmaster,HPE2K60HD045V,60,2.00,-,-
U.S. Craftmaster,HPE2K80HD045V 102,80,1.80,-,-
U.S. Craftmaster,HPE2K80HD045V,80,1.80,-,-
U.S. Craftmaster,HPHE2F50HD045VU 120,50,2.40,-,-
U.S. Craftmaster,HPHE2F50HD045VU,50,2.40,-,-
U.S. Craftmaster,HPHE2F66HD045VU 120,66,2.60,-,-
U.S. Craftmaster,HPHE2F66HD045VU,66,2.60,-,-
U.S. Craftmaster,HPHE2F80HD045VU 120,80,2.70,-,-
U.S. Craftmaster,HPHE2F80HD045VU,80,2.70,-,-
U.S. Craftmaster,HPHE2K50HD045VU 120,50,2.40,-,-
U.S. Craftmaster,HPHE2K50HD045VUN,50,2.40,-,-
U.S. Craftmaster,HPHE2K66HD045VU 120,66,2.60,-,-
U.S. Craftmaster,HPHE2K66HD045VUN,66,2.60,-,-
U.S. Craftmaster,HPHE2K80HD045VU 120,80,2.70,-,-
U.S. Craftmaster,HPHE2K80HD045VUN,80,2.70,-,-
U.S. Craftmaster,HPSE10250H045V,50,2.00,-,-
U.S. Craftmaster,HPSE2F50HD045VU,50,2.00,-,-
U.S. Craftmaster,HPSE2F66HD045VU,66,2.00,-,-
U.S. Craftmaster,HPSE2F80HD045VU,80,2.10,-,-
U.S. Craftmaster,HPSE2K66HD045VU,66,2.00,-,-
U.S. Craftmaster,HPSE2K80HD045VU,80,2.10,-,-
U.S. Craftmaster,MHDV2F3030T 250,30,0.63,-,-
U.S. Craftmaster,MHDV2F4032T 250,40,0.62,-,-
U.S. Craftmaster,MHG2F3030T 400,30,0.63,-,-
U.S. Craftmaster,MHG2F4040T 400,40,0.62,-,-
U.S. Craftmaster,ND40S122-403,40,0.67,-,-
U.S. Craftmaster,ND40S62-403,40,0.67,-,-
U.S. Craftmaster,ND40S92-403,40,0.67,-,-
U.S. Craftmaster,ND40T122-403,40,0.67,-,-
U.S. Craftmaster,ND40T92-403,40,0.67,-,-
U.S. Craftmaster,ND50T62-403,50,0.67,-,-
U.S. Craftmaster,ND50T92-403,50,0.67,-,-
U.S. Craftmaster,NG1F3035SB 400,30,0.63,-,-
U.S. Craftmaster,NG1F3035TB 400,30,0.63,-,-
U.S. Craftmaster,NG1F4040SB 400,40,0.62,-,-
U.S. Craftmaster,NG1F4040TB 400,40,0.62,-,-
U.S. Craftmaster,"NG2(C,F,H,J)3030S 400",30,0.63,-,-
U.S. Craftmaster,"NG2(C,F,H,J)3030T 400",30,0.63,-,-
U.S. Craftmaster,"NG2(C,F,H,J)4034T 400",40,0.62,-,-
U.S. Craftmaster,"NG2(C,F,H,J)4040S 400",40,0.62,-,-
U.S. Craftmaster,"NG2(C,F,H,J)4040T 400",40,0.62,-,-
U.S. Craftmaster,"NG2(C,F,H,J)5040T 400",50,0.62,-,-
U.S. Craftmaster,NG2F3035ST 250,30,0.63,-,-
U.S. Craftmaster,NG2F4040S 250,40,0.62,-,-
U.S. Craftmaster,NG2F4040T 250,40,0.62,-,-
U.S. Craftmaster,PCG2F4040T3NOV,40,0.70,-,-
U.S. Craftmaster,PCG2F5040T3NOV,50,0.70,-,-
U.S. Craftmaster,"UNG1(C,F,H,J)4040T 400",40,0.62,-,-
U.S. Craftmaster,"UNG2(C,F,H,J)3030T 400",30,0.63,-,-
U.S. Craftmaster,UPVG2F4042NV,40,0.68,-,-
U.S. Craftmaster,UPVG2F5042NV,50,0.68,-,-
Vesta,VRP-199,0,-,0.95,0.95
Weil McLain,Weil McLain ECO 155,0,0.76,-,-
WESTINGHOUSE,WGRGH20NG75F,20,0.83,-,-
WESTINGHOUSE,WGRTCNG199,0,0.95,-,-
WESTINGHOUSE,WGRTCONG199,0,0.95,-,-
WESTINGHOUSE,WGRTNG150,0,0.95,-,-
WESTINGHOUSE,WGRTNG199,0,0.98,-,-
WESTINGHOUSE,WGRTONG150,0,0.95,-,-
WESTINGHOUSE,WGRTONG199,0,0.98,-,-
Whirlpool,"30S(3,6,9,12)-30NG 400",30,0.63,-,-
Whirlpool,"30T(3,6,9,12)-30NG 400",30,0.63,-,-
Whirlpool,"30T(3,6,9,12)-30UNG 400",30,0.63,-,-
Whirlpool,"40S(3,6,9,10,12)-40NG 400",40,0.62,-,-
Whirlpool,40S6-40UNG 400,40,0.62,-,-
Whirlpool,40T12-40DNG,40,0.67,-,-
Whirlpool,40T12-40UDNG 100,40,0.67,-,-
Whirlpool,"40T(3,6,9,10,12)-40NG 400",40,0.62,-,-
Whirlpool,"40T(3,6,9,12)-34NG 400",40,0.62,-,-
Whirlpool,"40T(3,6,9,12)-40UNG 400",40,0.62,-,-
Whirlpool,50T10-40NG 400,50,0.62,-,-
Whirlpool,50T12-40DNG,50,0.67,-,-
Whirlpool,50T12-40NG 400,50,0.62,-,-
Whirlpool,50T12-40UDNG 100,50,0.67,-,-
Whirlpool,E40R6-45 100,50,0.95,-,-
Whirlpool,HPE2K60HD045V,60,2.00,-,-
Whirlpool,HPE2K80HD045V,80,1.80,-,-
Whirlpool,HPHE2K50HD045VCN,50,2.40,-,-
Whirlpool,HPHE2K66HD045VCN,66,2.60,-,-
Whirlpool,HPHE2K66HD045VN,66,2.60,-,-
Whirlpool,HPHE2K80HD045VCN,80,2.70,-,-
Whirlpool,HPHE2K80HD045VN,80,2.70,-,-
Whirlpool,HPSE2K50HD045V 100 (WP),50,2.00,-,-
Whirlpool,HPSE2K50HD045V,50,2.00,-,-
Whirlpool,HPSE2K50HD045VC 100 (WP),50,2.00,-,-
Whirlpool,HPSE2K66HD045V,66,2.00,-,-
Whirlpool,HPSE2K66HD045VC,66,2.00,-,-
Whirlpool,HPSE2K80HD045V,80,2.10,-,-
Whirlpool,HPSE2K80HD045VC,80,2.10,-,-
Whirlpool,ND40T62-403,40,0.67,-,-
Whirlpool,ND50T122-403,50,0.67,-,-
Whirlpool,PCG2J4040T3NOV,40,0.70,-,-
Whirlpool,PCG2J5040T3NOV,50,0.70,-,-
